time,xPos_m,xVel_mps,mass_k-g,CG_m
0,0,0,0.601,-0.395
0.01,0,0,0.601,-0.395
0.02,0,0,0.6,-0.395
0.03,0,0,0.6,-0.395
0.04,0,0,0.6,-0.395
0.05,0,0,0.6,-0.395
0.06,0,0,0.6,-0.395
0.07,0,0,0.6,-0.395
0.08,0,0,0.6,-0.395
0.09,0,0,0.6,-0.395
0.1,0,0,0.6,-0.395
0.11,0,0,0.6,-0.395
0.12,3.297e-6,0.002,0.6,-0.395
0.13,5.953e-5,0.011,0.6,-0.395
0.14,2.548e-4,0.029,0.6,-0.395
0.148,5.69e-4,0.05,0.6,-0.395
0.158,0.001,0.084,0.6,-0.395
0.168,0.002,0.128,0.6,-0.395
0.178,0.004,0.182,0.6,-0.395
0.188,0.006,0.245,0.599,-0.395
0.198,0.009,0.318,0.599,-0.395
0.208,0.012,0.4,0.599,-0.395
0.218,0.017,0.492,0.599,-0.394
0.228,0.022,0.594,0.599,-0.394
0.238,0.029,0.706,0.599,-0.394
0.248,0.036,0.829,0.599,-0.394
0.258,0.045,0.962,0.598,-0.394
0.268,0.056,1.105,0.598,-0.394
0.278,0.067,1.259,0.598,-0.394
0.288,0.081,1.424,0.598,-0.394
0.294,0.09,1.528,0.598,-0.394
0.303,0.104,1.691,0.598,-0.394
0.313,0.122,1.882,0.597,-0.394
0.323,0.142,2.085,0.597,-0.394
0.333,0.164,2.298,0.597,-0.394
0.343,0.188,2.522,0.597,-0.394
0.353,0.214,2.757,0.596,-0.394
0.363,0.243,3.006,0.596,-0.394
0.373,0.274,3.269,0.596,-0.394
0.382,0.305,3.518,0.596,-0.393
0.392,0.342,3.807,0.595,-0.393
0.402,0.381,4.108,0.595,-0.393
0.412,0.424,4.421,0.595,-0.393
0.419,0.456,4.647,0.595,-0.393
0.429,0.504,4.97,0.594,-0.393
0.439,0.555,5.287,0.594,-0.393
0.449,0.609,5.598,0.594,-0.393
0.459,0.667,5.902,0.593,-0.393
0.469,0.727,6.201,0.593,-0.393
0.477,0.778,6.435,0.593,-0.393
0.487,0.844,6.721,0.593,-0.393
0.497,0.912,6.998,0.592,-0.392
0.507,0.984,7.267,0.592,-0.392
0.517,1.058,7.527,0.592,-0.392
0.52,1.08,7.603,0.592,-0.392
0.525,1.115,7.716,0.592,-0.392
0.531,1.167,7.885,0.592,-0.392
0.541,1.248,8.135,0.591,-0.392
0.557,1.375,8.502,0.591,-0.392
0.579,1.575,9.035,0.59,-0.392
0.593,1.7,9.344,0.59,-0.392
0.613,1.896,9.797,0.59,-0.392
0.642,2.188,10.416,0.589,-0.391
0.671,2.499,11.015,0.588,-0.391
0.688,2.685,11.348,0.588,-0.391
0.713,2.975,11.838,0.587,-0.391
0.744,3.349,12.432,0.587,-0.391
0.778,3.78,13.069,0.586,-0.39
0.82,4.35,13.843,0.585,-0.39
0.855,4.846,14.463,0.585,-0.39
0.905,5.59,15.321,0.584,-0.39
0.955,6.377,16.15,0.583,-0.389
1.004,7.189,16.932,0.582,-0.389
1.028,7.598,17.3,0.581,-0.389
1.037,7.755,17.438,0.581,-0.389
1.051,7.993,17.643,0.581,-0.389
1.069,8.328,17.925,0.58,-0.389
1.087,8.649,18.189,0.58,-0.389
1.104,8.965,18.442,0.58,-0.388
1.121,9.279,18.688,0.579,-0.388
1.138,9.59,18.928,0.579,-0.388
1.154,9.903,19.166,0.579,-0.388
1.171,10.229,19.409,0.579,-0.388
1.19,10.587,19.672,0.578,-0.388
1.205,10.893,19.893,0.578,-0.388
1.228,11.357,20.227,0.578,-0.388
1.26,12.018,20.695,0.577,-0.387
1.309,13.038,21.402,0.576,-0.387
1.359,14.127,22.138,0.575,-0.387
1.382,14.651,22.484,0.575,-0.387
1.403,15.123,22.791,0.574,-0.387
1.423,15.576,23.081,0.574,-0.387
1.442,16.012,23.368,0.574,-0.386
1.452,16.251,23.534,0.574,-0.386
1.467,16.614,23.784,0.573,-0.386
1.488,17.114,24.111,0.573,-0.386
1.503,17.472,24.334,0.573,-0.386
1.525,18.015,24.66,0.572,-0.386
1.558,18.844,25.146,0.572,-0.386
1.608,20.116,25.864,0.571,-0.385
1.658,21.427,26.569,0.57,-0.385
1.697,22.466,27.106,0.569,-0.385
1.732,23.409,27.579,0.569,-0.385
1.736,23.533,27.641,0.568,-0.385
1.743,23.718,27.732,0.568,-0.385
1.753,23.998,27.869,0.568,-0.385
1.768,24.42,28.074,0.568,-0.384
1.79,25.058,28.38,0.567,-0.384
1.824,26.029,28.839,0.567,-0.384
1.874,27.488,29.514,0.566,-0.384
1.924,28.981,30.19,0.565,-0.383
1.955,29.911,30.602,0.565,-0.383
1.99,30.975,31.064,0.564,-0.383
2.019,31.897,31.458,0.564,-0.383
2.052,32.944,31.894,0.563,-0.383
2.102,34.543,32.537,0.562,-0.382
2.152,36.186,33.167,0.561,-0.382
2.187,37.362,33.602,0.561,-0.382
2.21,38.141,33.884,0.56,-0.382
2.244,39.297,34.299,0.56,-0.382
2.294,41.027,34.91,0.559,-0.381
2.344,42.788,35.516,0.558,-0.381
2.394,44.579,36.121,0.557,-0.381
2.444,46.4,36.724,0.556,-0.38
2.481,47.788,37.171,0.556,-0.38
2.494,48.254,37.318,0.555,-0.38
2.513,48.957,37.536,0.555,-0.38
2.541,50.019,37.859,0.555,-0.38
2.583,51.629,38.331,0.554,-0.38
2.633,53.559,38.875,0.553,-0.379
2.683,55.516,39.412,0.552,-0.379
2.733,57.5,39.943,0.551,-0.379
2.763,58.695,40.258,0.551,-0.378
2.808,60.504,40.724,0.55,-0.378
2.858,62.553,41.236,0.549,-0.378
2.908,64.627,41.736,0.549,-0.378
2.958,66.727,42.235,0.548,-0.377
3.008,68.851,42.74,0.547,-0.377
3.058,71.001,43.244,0.546,-0.377
3.108,73.175,43.733,0.545,-0.376
3.12,73.715,43.851,0.545,-0.376
3.138,74.527,44.029,0.545,-0.376
3.166,75.751,44.296,0.545,-0.376
3.208,77.601,44.693,0.544,-0.376
3.258,79.847,45.163,0.543,-0.376
3.308,82.117,45.626,0.542,-0.375
3.358,84.41,46.083,0.541,-0.375
3.382,85.529,46.3,0.541,-0.375
3.404,86.549,46.425,0.541,-0.375
3.418,87.199,46.406,0.541,-0.375
3.439,88.172,46.237,0.541,-0.375
3.45,88.68,46.102,0.541,-0.375
3.467,89.438,45.876,0.541,-0.375
3.491,90.57,45.539,0.541,-0.375
3.528,92.251,45.037,0.541,-0.375
3.578,94.486,44.367,0.541,-0.375
3.628,96.688,43.699,0.541,-0.375
3.678,98.856,43.043,0.541,-0.375
3.728,100.992,42.4,0.541,-0.375
3.769,102.692,41.883,0.541,-0.375
3.819,104.77,41.239,0.541,-0.375
3.869,106.816,40.582,0.541,-0.375
3.894,107.825,40.255,0.541,-0.375
3.923,109.02,39.87,0.541,-0.375
3.968,110.79,39.311,0.541,-0.375
4.004,112.184,38.873,0.541,-0.375
4.035,113.379,38.496,0.541,-0.375
4.068,114.668,38.083,0.541,-0.375
4.118,116.556,37.452,0.541,-0.375
4.145,117.552,37.112,0.541,-0.375
4.171,118.495,36.79,0.541,-0.375
4.209,119.895,36.318,0.541,-0.375
4.259,121.695,35.72,0.541,-0.375
4.293,122.905,35.316,0.541,-0.375
4.343,124.656,34.721,0.541,-0.375
4.393,126.377,34.123,0.541,-0.375
4.443,128.068,33.519,0.541,-0.375
4.486,129.513,32.996,0.541,-0.375
4.536,131.147,32.404,0.541,-0.375
4.586,132.753,31.82,0.541,-0.375
4.636,134.33,31.241,0.541,-0.375
4.686,135.877,30.667,0.541,-0.375
4.736,137.396,30.095,0.541,-0.375
4.786,138.887,29.53,0.541,-0.375
4.836,140.349,28.964,0.541,-0.375
4.886,141.783,28.397,0.541,-0.375
4.936,143.189,27.83,0.541,-0.375
4.986,144.566,27.264,0.541,-0.375
5.036,145.915,26.702,0.541,-0.375
5.086,147.237,26.144,0.541,-0.375
5.136,148.53,25.591,0.541,-0.375
5.186,149.796,25.038,0.541,-0.375
5.236,151.034,24.484,0.541,-0.375
5.286,152.244,23.932,0.541,-0.375
5.336,153.427,23.386,0.541,-0.375
5.386,154.583,22.85,0.541,-0.375
5.436,155.712,22.32,0.541,-0.375
5.486,156.815,21.789,0.541,-0.375
5.536,157.891,21.254,0.541,-0.375
5.586,158.94,20.714,0.541,-0.375
5.636,159.962,20.172,0.541,-0.375
5.686,160.957,19.636,0.541,-0.375
5.736,161.926,19.105,0.541,-0.375
5.786,162.868,18.577,0.541,-0.375
5.836,163.784,18.055,0.541,-0.375
5.886,164.674,17.54,0.541,-0.375
5.936,165.538,17.029,0.541,-0.375
5.986,166.376,16.517,0.541,-0.375
6.036,167.189,16.005,0.541,-0.375
6.086,167.977,15.494,0.541,-0.375
6.136,168.739,14.979,0.541,-0.375
6.186,169.475,14.459,0.541,-0.375
6.236,170.185,13.939,0.541,-0.375
6.286,170.868,13.416,0.541,-0.375
6.336,171.526,12.898,0.541,-0.375
6.386,172.158,12.383,0.541,-0.375
6.436,172.765,11.871,0.541,-0.375
6.486,173.345,11.366,0.541,-0.375
6.536,173.901,10.868,0.541,-0.375
6.586,174.432,10.378,0.541,-0.375
6.636,174.939,9.892,0.541,-0.375
6.686,175.422,9.405,0.541,-0.375
6.736,175.88,8.914,0.541,-0.375
6.786,176.313,8.421,0.541,-0.375
6.836,176.722,7.925,0.541,-0.375
6.886,177.105,7.424,0.541,-0.375
6.936,177.464,6.921,0.541,-0.375
6.986,177.797,6.417,0.541,-0.375
7.036,178.106,5.914,0.541,-0.375
7.086,178.389,5.414,0.541,-0.375
7.136,178.647,4.918,0.541,-0.375
7.186,178.881,4.424,0.541,-0.375
7.236,179.09,3.933,0.541,-0.375
7.286,179.274,3.447,0.541,-0.375
7.336,179.434,2.965,0.541,-0.375
7.386,179.571,2.486,0.541,-0.375
7.436,179.683,2.008,0.541,-0.375
7.486,179.771,1.53,0.541,-0.375
7.536,179.836,1.051,0.541,-0.375
7.586,179.877,0.569,0.541,-0.375
7.636,179.893,0.086,0.541,-0.375
7.686,179.885,-0.4,0.541,-0.375
7.736,179.853,-0.888,0.541,-0.375
7.786,179.796,-1.378,0.541,-0.375
7.836,179.715,-1.87,0.541,-0.375
7.886,179.609,-2.364,0.541,-0.375
7.936,179.479,-2.859,0.541,-0.375
7.986,179.323,-3.355,0.541,-0.375
8.036,179.143,-3.852,0.541,-0.375
8.086,178.938,-4.347,0.541,-0.375
8.136,178.708,-4.843,0.541,-0.375
8.186,178.454,-5.337,0.541,-0.375
8.236,178.175,-5.83,0.541,-0.375
8.286,177.871,-6.32,0.541,-0.375
8.336,177.543,-6.806,0.541,-0.375
8.386,177.19,-7.29,0.541,-0.375
8.436,176.814,-7.772,0.541,-0.375
8.486,176.413,-8.254,0.541,-0.375
8.536,175.988,-8.737,0.541,-0.375
8.586,175.539,-9.224,0.541,-0.375
8.636,175.066,-9.714,0.541,-0.375
8.686,174.568,-10.201,0.541,-0.375
8.736,174.046,-10.686,0.541,-0.375
8.786,173.499,-11.171,0.541,-0.375
8.836,172.929,-11.648,0.541,-0.375
8.886,172.335,-12.12,0.541,-0.375
8.936,171.717,-12.586,0.541,-0.375
8.986,171.076,-13.049,0.541,-0.375
9.036,170.412,-13.509,0.541,-0.375
9.086,169.725,-13.965,0.541,-0.375
9.136,169.016,-14.422,0.541,-0.375
9.186,168.283,-14.88,0.541,-0.375
9.236,167.528,-15.341,0.541,-0.375
9.286,166.749,-15.81,0.541,-0.375
9.336,165.946,-16.286,0.541,-0.375
9.384,165.154,-16.746,0.541,-0.375
9.421,164.536,-17.097,0.541,-0.375
9.452,164.005,-17.395,0.541,-0.375
9.48,163.504,-17.67,0.541,-0.375
9.514,162.899,-17.992,0.541,-0.375
9.564,161.988,-18.454,0.541,-0.375
9.614,161.054,-18.906,0.541,-0.375
9.664,160.098,-19.342,0.541,-0.375
9.701,159.383,-19.659,0.541,-0.375
9.74,158.613,-19.994,0.541,-0.375
9.775,157.895,-20.3,0.541,-0.375
9.817,157.046,-20.66,0.541,-0.375
9.867,156.002,-21.106,0.541,-0.375
9.917,154.936,-21.56,0.541,-0.375
9.96,153.988,-21.963,0.541,-0.375
9.989,153.364,-22.226,0.541,-0.375
10.017,152.731,-22.487,0.541,-0.375
10.05,151.985,-22.787,0.541,-0.375
10.099,150.847,-23.227,0.541,-0.375
10.149,149.675,-23.655,0.541,-0.375
10.184,148.853,-23.942,0.541,-0.375
10.212,148.184,-24.172,0.541,-0.375
10.238,147.546,-24.387,0.541,-0.375
10.264,146.899,-24.605,0.541,-0.375
10.297,146.083,-24.881,0.541,-0.375
10.347,144.843,-25.307,0.541,-0.375
10.397,143.566,-25.752,0.541,-0.375
10.42,142.968,-25.961,0.541,-0.375
10.441,142.413,-26.153,0.541,-0.375
10.463,141.84,-26.349,0.541,-0.375
10.487,141.198,-26.565,0.541,-0.375
10.518,140.383,-26.832,0.541,-0.375
10.564,139.145,-27.222,0.541,-0.375
10.614,137.773,-27.639,0.541,-0.375
10.664,136.381,-28.046,0.541,-0.375
10.702,135.287,-28.36,0.541,-0.375
10.745,134.067,-28.704,0.541,-0.375
10.785,132.912,-29.029,0.541,-0.375
10.835,131.451,-29.444,0.541,-0.375
10.885,129.968,-29.861,0.541,-0.375
10.93,128.624,-30.237,0.541,-0.375
10.966,127.528,-30.539,0.541,-0.375
11.011,126.153,-30.908,0.541,-0.375
11.061,124.598,-31.306,0.541,-0.375
11.111,123.029,-31.696,0.541,-0.375
11.158,121.505,-32.07,0.541,-0.375
11.208,119.892,-32.46,0.541,-0.375
11.258,118.259,-32.854,0.541,-0.375
11.308,116.607,-33.256,0.541,-0.375
11.342,115.471,-33.53,0.541,-0.375
11.373,114.432,-33.778,0.541,-0.375
11.419,112.861,-34.139,0.541,-0.375
11.469,111.144,-34.52,0.541,-0.375
11.519,109.409,-34.898,0.541,-0.375
11.569,107.654,-35.274,0.541,-0.375
11.619,105.881,-35.649,0.541,-0.375
11.669,104.089,-36.025,0.541,-0.375
11.719,102.279,-36.405,0.541,-0.375
11.769,100.449,-36.783,0.541,-0.375
11.819,98.6,-37.154,0.541,-0.375
11.869,96.734,-37.514,0.541,-0.375
11.912,95.141,-37.818,0.541,-0.375
11.962,93.241,-38.185,0.541,-0.375
12.011,91.342,-38.55,0.541,-0.375
12.061,89.405,-38.911,0.541,-0.375
12.111,87.451,-39.265,0.541,-0.375
12.161,85.479,-39.618,0.541,-0.375
12.211,83.489,-39.97,0.541,-0.375
12.261,81.482,-40.324,0.541,-0.375
12.311,79.456,-40.677,0.541,-0.375
12.361,77.414,-41.024,0.541,-0.375
12.411,75.354,-41.365,0.541,-0.375
12.461,73.277,-41.7,0.541,-0.375
12.511,71.184,-42.036,0.541,-0.375
12.561,69.074,-42.376,0.541,-0.375
12.611,66.951,-42.713,0.541,-0.375
12.661,64.808,-43.041,0.541,-0.375
12.711,62.647,-43.363,0.541,-0.375
12.761,60.471,-43.688,0.541,-0.375
12.811,58.279,-44.015,0.541,-0.375
12.861,56.07,-44.34,0.541,-0.375
12.911,53.845,-44.66,0.541,-0.375
12.961,51.604,-44.973,0.541,-0.375
13.011,49.347,-45.284,0.541,-0.375
13.061,47.075,-45.595,0.541,-0.375
13.111,44.788,-45.906,0.541,-0.375
13.161,42.485,-46.221,0.541,-0.375
13.192,41.043,-46.415,0.541,-0.375
13.239,38.87,-46.695,0.541,-0.375
13.268,37.488,-46.866,0.541,-0.375
13.292,36.39,-47.002,0.541,-0.375
13.32,35.048,-47.168,0.541,-0.375
13.363,33.026,-47.422,0.541,-0.375
13.41,30.8,-47.709,0.541,-0.375
13.429,29.868,-47.828,0.541,-0.375
13.452,28.776,-47.965,0.541,-0.375
13.486,27.132,-48.166,0.541,-0.375
13.536,24.717,-48.447,0.541,-0.375
13.555,23.834,-48.546,0.541,-0.375
13.572,22.973,-48.643,0.541,-0.375
13.597,21.796,-48.778,0.541,-0.375
13.633,20.025,-48.986,0.541,-0.375
13.663,18.527,-49.165,0.541,-0.375
13.684,17.502,-49.287,0.541,-0.375
13.709,16.295,-49.428,0.541,-0.375
13.745,14.479,-49.634,0.541,-0.375
13.795,11.99,-49.905,0.541,-0.375
13.827,10.405,-50.075,0.541,-0.375
13.868,8.332,-50.299,0.541,-0.375
13.918,5.81,-50.574,0.541,-0.375
13.963,3.523,-50.821,0.541,-0.375
14.013,0.975,-51.089,0.541,-0.375
14.063,-1.586,-51.352,0.541,-0.375
